{
  "project_info": {
    "project_number": "20625409836",
    "firebase_url": "https://university-ec702-default-rtdb.firebaseio.com",
    "project_id": "university-ec702",
    "storage_bucket": "university-ec702.appspot.com"
  },
  "client": [
    {
      "client_info": {
        "mobilesdk_app_id": "1:20625409836:android:5d19f121a174872e600e89",
        "android_client_info": {
          "package_name": "com.ugmobi.university"
        }
      },
      "oauth_client": [],
      "api_key": [
        {
          "current_key": "AIzaSyACuslHfwXYiTaP9QSchvoarfJuqb2YX2Q"
        }
      ],
      "services": {
        "appinvite_service": {
          "other_platform_oauth_client": []
        }
      }
    }
  ],
  "configuration_version": "1"
}